{"Full Molecule": {"D": 0.0012819048, "DD": 7.189308692913599e-07, "15N": 0.00363924, "18O": 0.004010400000000001, "13C": 0.03258788}, "M0": {"full": {"Unsub": {"Abs. Abundance": 0.9587824350083225, "Rel. Abundance": 1.0, "Combined Rel. Abundance": 1.0, "Adj. Rel. Abundance": 1.0}}, "44": {"Unsub": {"Abs. Abundance": 0.9587824350083225, "Rel. Abundance": 1.0, "Combined Rel. Abundance": 1.0, "Adj. Rel. Abundance": 1.0}}}, "M1": {"full": {"D": {"Abs. Abundance": 0.0012290678055928567, "Rel. Abundance": 0.03349736519737601, "Combined Rel. Abundance": 0.03349736519737601, "Adj. Rel. Abundance": 0.03349736519737601}, "15N": {"Abs. Abundance": 0.0034892393887796876, "Rel. Abundance": 0.09509672740198702, "Combined Rel. Abundance": 0.09509672740198702, "Adj. Rel. Abundance": 0.09509672740198702}, "17O": {"Abs. Abundance": 0.0007284828941193235, "Rel. Abundance": 0.019854280970760307, "Combined Rel. Abundance": 0.019854280970760307, "Adj. Rel. Abundance": 0.019854280970760307}, "13C": {"Abs. Abundance": 0.03124468693815901, "Rel. Abundance": 0.8515516264298767, "Combined Rel. Abundance": 0.8515516264298767, "Adj. Rel. Abundance": 0.8515516264298767}}, "44": {"Unsub": {"Abs. Abundance": 0.011597659373541281, "Rel. Abundance": 0.3160859227639518, "Combined Rel. Abundance": 0.3160859227639518, "Adj. Rel. Abundance": 0.3160859227639518}, "D": {"Abs. Abundance": 0.0009184407052729123, "Rel. Abundance": 0.025031445439108443, "Combined Rel. Abundance": 0.025031445439108443, "Adj. Rel. Abundance": 0.025031445439108443}, "15N": {"Abs. Abundance": 0.0034892393887796876, "Rel. Abundance": 0.09509672740198702, "Combined Rel. Abundance": 0.09509672740198702, "Adj. Rel. Abundance": 0.09509672740198702}, "13C": {"Abs. Abundance": 0.020686137559057, "Rel. Abundance": 0.5637859043949528, "Combined Rel. Abundance": 0.5637859043949528, "Adj. Rel. Abundance": 0.5637859043949528}}}, "M2": {"full": {"D-D": {"Abs. Abundance": 6.892982894618201e-07, "Rel. Abundance": 0.00015770279637507682, "Combined Rel. Abundance": 0.00015770279637507682, "Adj. Rel. Abundance": 0.00015770279637507682}, "15N-D": {"Abs. Abundance": 4.472872720825747e-06, "Rel. Abundance": 0.0010233371338477543, "Combined Rel. Abundance": 0.0010233371338477543, "Adj. Rel. Abundance": 0.0010233371338477543}, "17O-D": {"Abs. Abundance": 9.338457186894526e-07, "Rel. Abundance": 0.00021365217855857924, "Combined Rel. Abundance": 0.00021365217855857924, "Adj. Rel. Abundance": 0.00021365217855857924}, "17O-15N": {"Abs. Abundance": 2.6511240875948066e-06, "Rel. Abundance": 0.0006065439136334646, "Combined Rel. Abundance": 0.0006065439136334646, "Adj. Rel. Abundance": 0.0006065439136334646}, "18O": {"Abs. Abundance": 0.003845101077357377, "Rel. Abundance": 0.8797108617773035, "Combined Rel. Abundance": 0.8797108617773035, "Adj. Rel. Abundance": 0.8797108617773035}, "17O-17O": {"Abs. Abundance": 1.3837532573796545e-07, "Rel. Abundance": 3.1658537605290276e-05, "Combined Rel. Abundance": 3.1658537605290276e-05, "Adj. Rel. Abundance": 3.1658537605290276e-05}, "13C-D": {"Abs. Abundance": 4.005271416052334e-05, "Rel. Abundance": 0.009163558247704068, "Combined Rel. Abundance": 0.009163558247704068, "Adj. Rel. Abundance": 0.009163558247704068}, "13C-15N": {"Abs. Abundance": 0.0001137069144928258, "Rel. Abundance": 0.026014714756801408, "Combined Rel. Abundance": 0.026014714756801408, "Adj. Rel. Abundance": 0.026014714756801408}, "13C-17O": {"Abs. Abundance": 2.3739713135613215e-05, "Rel. Abundance": 0.00543134837829264, "Combined Rel. Abundance": 0.00543134837829264, "Adj. Rel. Abundance": 0.00543134837829264}, "13C-13C": {"Abs. Abundance": 0.0003393832268688076, "Rel. Abundance": 0.07764662227987816, "Combined Rel. Abundance": 0.07764662227987816, "Adj. Rel. Abundance": 0.07764662227987816}}, "44": {"Unsub": {"Abs. Abundance": 0.003856943779550977, "Rel. Abundance": 0.88242032338648, "Combined Rel. Abundance": 0.88242032338648, "Adj. Rel. Abundance": 0.8824203233864801}, "D": {"Abs. Abundance": 1.1109676257740158e-05, "Rel. Abundance": 0.0025417544761867066, "Combined Rel. Abundance": 0.0025417544761867066, "Adj. Rel. Abundance": 0.002541754476186707}, "D-D": {"Abs. Abundance": 3.665818308991039e-07, "Rel. Abundance": 8.38693214779642e-05, "Combined Rel. Abundance": 8.38693214779642e-05, "Adj. Rel. Abundance": 8.386932147796421e-05}, "15N": {"Abs. Abundance": 4.2206665898566365e-05, "Rel. Abundance": 0.00965635536839844, "Combined Rel. Abundance": 0.00965635536839844, "Adj. Rel. Abundance": 0.009656355368398442}, "15N-D": {"Abs. Abundance": 3.3424261522573934e-06, "Rel. Abundance": 0.0007647051486225624, "Combined Rel. Abundance": 0.0007647051486225624, "Adj. Rel. Abundance": 0.0007647051486225625}, "13C": {"Abs. Abundance": 0.00025022441839172747, "Rel. Abundance": 0.057248206045183214, "Combined Rel. Abundance": 0.057248206045183214, "Adj. Rel. Abundance": 0.05724820604518322}, "13C-D": {"Abs. Abundance": 1.981574763512212e-05, "Rel. Abundance": 0.004533594326429364, "Combined Rel. Abundance": 0.004533594326429364, "Adj. Rel. Abundance": 0.004533594326429365}, "13C-15N": {"Abs. Abundance": 7.528181925042259e-05, "Rel. Abundance": 0.017223535287261615, "Combined Rel. Abundance": 0.017223535287261615, "Adj. Rel. Abundance": 0.01722353528726162}, "13C-13C": {"Abs. Abundance": 0.00011157804718974494, "Rel. Abundance": 0.025527656639959935, "Combined Rel. Abundance": 0.025527656639959935, "Adj. Rel. Abundance": 0.02552765663995994}}}}